{"cameraMode":{"drawMode":0,"name":"Shaded","section":"Shading Mode"},"sceneLighting":false,"audioPlay":false,"sceneViewState":{"m_AlwaysRefresh":false,"showFog":true,"showSkybox":false,"showFlares":true,"showImageEffects":true,"showParticleSystems":true,"showVisualEffectGraphs":true,"m_FxEnabled":true},"in2DMode":false,"pivot":{"x":0.9708927869796753,"y":0.26955002546310427,"z":-0.06689809262752533},"rotation":{"x":0.14151452481746674,"y":-0.6416876912117004,"z":0.12321669608354569,"w":0.7439751029014587},"size":0.7141428589820862,"orthographic":false}