{"cameraMode":{"drawMode":0,"name":"Shaded","section":"Shading Mode"},"sceneLighting":true,"audioPlay":false,"sceneViewState":{"m_AlwaysRefresh":false,"showFog":true,"showSkybox":true,"showFlares":true,"showImageEffects":true,"showParticleSystems":true,"showVisualEffectGraphs":true,"m_FxEnabled":true},"in2DMode":false,"pivot":{"x":-8.689900398254395,"y":6.700863361358643,"z":-6.560457229614258},"rotation":{"x":0.27247777581214907,"y":0.05932518467307091,"z":-0.017558488994836808,"w":0.9605364799499512},"size":0.0009173440630547702,"orthographic":false}