{"cameraMode":{"drawMode":0,"name":"Shaded","section":"Shading Mode"},"sceneLighting":false,"audioPlay":false,"sceneViewState":{"m_AlwaysRefresh":false,"showFog":true,"showSkybox":false,"showFlares":true,"showImageEffects":true,"showParticleSystems":true,"showVisualEffectGraphs":true,"m_FxEnabled":true},"in2DMode":false,"pivot":{"x":1.4162966012954713,"y":0.13176511228084565,"z":1.4186841249465943},"rotation":{"x":-0.0938953161239624,"y":-0.6657053828239441,"z":0.0844903290271759,"w":-0.7358744144439697},"size":1.1023173332214356,"orthographic":false}